{
  "version": "validation3-lift-ablation-aggregate",
  "timestamp_utc": "2026-02-23T05:22:12.602512+00:00",
  "source_files": [
    "data/ablate_lift_q6.json",
    "data/ablate_lift_q8.json",
    "data/ablate_lift_q12_full.json"
  ],
  "aggregate": {
    "backend": "ibm_torino",
    "n_slots": 12,
    "wins_vs_X": 12,
    "wins_vs_XY4": 11,
    "wins_vs_BB1": 12,
    "mean_dX": 0.19661458333333334,
    "mean_dXY4": 0.053059895833333336,
    "mean_dBB1": 0.08333333333333333,
    "mean_contour_fid": 0.2669270833333333,
    "mean_contour_ceiling": 0.2828586480603342,
    "mean_contour_headroom": 0.015931564727000837,
    "mean_dXY4_ceiling": 0.06111589971704223,
    "mean_dBB1_ceiling": 0.09054607751275424,
    "slots": [
      {
        "q": 6,
        "t": 3200,
        "BASE_fid": 0.337890625,
        "X_fid": 0.306640625,
        "XY4_fid": 0.4921875,
        "BB1_fid": 0.466796875,
        "CONTOUR_fid": 0.521484375,
        "BASE_ceil": 0.3947250470422362,
        "X_ceil": 0.3575460271496038,
        "XY4_ceil": 0.49219650311004803,
        "BB1_ceil": 0.4819258491816055,
        "CONTOUR_ceil": 0.5214939140094557,
        "BASE_surv": 0.8560151617737224,
        "X_surv": 0.8576255970303257,
        "XY4_surv": 0.9999817083014789,
        "BB1_surv": 0.9686072573046306,
        "CONTOUR_surv": 0.9999817083014789,
        "dX": 0.21484375,
        "dXY4": 0.029296875,
        "dBB1": 0.0546875,
        "dXY4_ceil": 0.029297410899407628,
        "dBB1_ceil": 0.039568064827850136,
        "contour_headroom": 9.53900945566133e-06
      },
      {
        "q": 6,
        "t": 4912,
        "BASE_fid": 0.162109375,
        "X_fid": 0.109375,
        "XY4_fid": 0.326171875,
        "BB1_fid": 0.314453125,
        "CONTOUR_fid": 0.328125,
        "BASE_ceil": 0.19033196403537725,
        "X_ceil": 0.12854227484226122,
        "XY4_ceil": 0.3484859296007093,
        "BB1_ceil": 0.3257217269145652,
        "CONTOUR_ceil": 0.3503706221158759,
        "BASE_surv": 0.8517191309488538,
        "X_surv": 0.8508873842027298,
        "XY4_surv": 0.9359685637056381,
        "BB1_surv": 0.965404205542847,
        "CONTOUR_surv": 0.9365083123078775,
        "dX": 0.21875,
        "dXY4": 0.001953125,
        "dBB1": 0.013671875,
        "dXY4_ceil": 0.0018846925151665972,
        "dBB1_ceil": 0.024648895201310694,
        "contour_headroom": 0.022245622115875885
      },
      {
        "q": 6,
        "t": 6400,
        "BASE_fid": 0.056640625,
        "X_fid": 0.060546875,
        "XY4_fid": 0.23828125,
        "BB1_fid": 0.216796875,
        "CONTOUR_fid": 0.3828125,
        "BASE_ceil": 0.06514391935397755,
        "X_ceil": 0.06962840454401822,
        "XY4_ceil": 0.2466995658745131,
        "BB1_ceil": 0.22810453671739706,
        "CONTOUR_ceil": 0.4269001260327396,
        "BASE_surv": 0.8694691010565001,
        "X_surv": 0.8695714830249056,
        "XY4_surv": 0.9658762436623208,
        "BB1_surv": 0.9504277210785758,
        "CONTOUR_surv": 0.8967261348867382,
        "dX": 0.322265625,
        "dXY4": 0.14453125,
        "dBB1": 0.166015625,
        "dXY4_ceil": 0.18020056015822647,
        "dBB1_ceil": 0.19879558931534252,
        "contour_headroom": 0.04408762603273958
      },
      {
        "q": 6,
        "t": 8000,
        "BASE_fid": 0.029296875,
        "X_fid": 0.025390625,
        "XY4_fid": 0.1328125,
        "BB1_fid": 0.119140625,
        "CONTOUR_fid": 0.296875,
        "BASE_ceil": 0.035655761785429084,
        "X_ceil": 0.03086489020562008,
        "XY4_ceil": 0.1450495546714546,
        "BB1_ceil": 0.1281373070110133,
        "CONTOUR_ceil": 0.33807363729911083,
        "BASE_surv": 0.821658927841848,
        "X_surv": 0.822637787818105,
        "XY4_surv": 0.9156353516619047,
        "BB1_surv": 0.9297887381834858,
        "CONTOUR_surv": 0.8781370898120036,
        "dX": 0.271484375,
        "dXY4": 0.1640625,
        "dBB1": 0.177734375,
        "dXY4_ceil": 0.19302408262765622,
        "dBB1_ceil": 0.20993633028809752,
        "contour_headroom": 0.04119863729911083
      },
      {
        "q": 8,
        "t": 3200,
        "BASE_fid": 0.19921875,
        "X_fid": 0.177734375,
        "XY4_fid": 0.427734375,
        "BB1_fid": 0.34765625,
        "CONTOUR_fid": 0.3828125,
        "BASE_ceil": 0.28830068922079205,
        "X_ceil": 0.25644584347623,
        "XY4_ceil": 0.4277563814909908,
        "BB1_ceil": 0.3576832943803655,
        "CONTOUR_ceil": 0.38283219530700546,
        "BASE_surv": 0.6910103147461795,
        "X_surv": 0.6930678719168799,
        "XY4_surv": 0.999948553681621,
        "BB1_surv": 0.9719666964101975,
        "CONTOUR_surv": 0.999948553681621,
        "dX": 0.205078125,
        "dXY4": -0.044921875,
        "dBB1": 0.03515625,
        "dXY4_ceil": -0.04492418618398536,
        "dBB1_ceil": 0.02514890092663996,
        "contour_headroom": 1.9695307005462848e-05
      },
      {
        "q": 8,
        "t": 4912,
        "BASE_fid": 0.056640625,
        "X_fid": 0.03125,
        "XY4_fid": 0.224609375,
        "BB1_fid": 0.197265625,
        "CONTOUR_fid": 0.23828125,
        "BASE_ceil": 0.08418728754297229,
        "X_ceil": 0.046604113950284125,
        "XY4_ceil": 0.24126237988190485,
        "BB1_ceil": 0.20455507270847914,
        "CONTOUR_ceil": 0.255449943442523,
        "BASE_surv": 0.6727930861424718,
        "X_surv": 0.6705416614794257,
        "XY4_surv": 0.9309755425190769,
        "BB1_surv": 0.9643643757548478,
        "CONTOUR_surv": 0.9327903807252711,
        "dX": 0.20703125,
        "dXY4": 0.013671875,
        "dBB1": 0.041015625,
        "dXY4_ceil": 0.014187563560618122,
        "dBB1_ceil": 0.050894870734043834,
        "contour_headroom": 0.017168693442522975
      },
      {
        "q": 8,
        "t": 6400,
        "BASE_fid": 0.01171875,
        "X_fid": 0.015625,
        "XY4_fid": 0.146484375,
        "BB1_fid": 0.099609375,
        "CONTOUR_fid": 0.251953125,
        "BASE_ceil": 0.01648390989479772,
        "X_ceil": 0.02195478206466843,
        "XY4_ceil": 0.1524956937717147,
        "BB1_ceil": 0.10514370705511317,
        "CONTOUR_ceil": 0.2657281989746713,
        "BASE_surv": 0.7109205324944422,
        "X_surv": 0.711690052489527,
        "XY4_surv": 0.96058040313772,
        "BB1_surv": 0.9473641151703712,
        "CONTOUR_surv": 0.9481610381290986,
        "dX": 0.236328125,
        "dXY4": 0.10546875,
        "dBB1": 0.15234375,
        "dXY4_ceil": 0.11323250520295661,
        "dBB1_ceil": 0.16058449191955815,
        "contour_headroom": 0.013775073974671315
      },
      {
        "q": 8,
        "t": 8000,
        "BASE_fid": 0.015625,
        "X_fid": 0.01171875,
        "XY4_fid": 0.08984375,
        "BB1_fid": 0.046875,
        "CONTOUR_fid": 0.15625,
        "BASE_ceil": 0.025086411618805975,
        "X_ceil": 0.018770509837790394,
        "XY4_ceil": 0.10160153158984662,
        "BB1_ceil": 0.050529793737243055,
        "CONTOUR_ceil": 0.1746568169053898,
        "BASE_surv": 0.6228471507773058,
        "X_surv": 0.6243170857515448,
        "XY4_surv": 0.8842755477613133,
        "BB1_surv": 0.9276705193722316,
        "CONTOUR_surv": 0.8946115174229894,
        "dX": 0.14453125,
        "dXY4": 0.06640625,
        "dBB1": 0.109375,
        "dXY4_ceil": 0.07305528531554319,
        "dBB1_ceil": 0.12412702316814675,
        "contour_headroom": 0.01840681690538981
      },
      {
        "q": 12,
        "t": 3200,
        "BASE_fid": 0.078125,
        "X_fid": 0.08984375,
        "XY4_fid": 0.28125,
        "BB1_fid": 0.259765625,
        "CONTOUR_fid": 0.3125,
        "BASE_ceil": 0.13502789589958913,
        "X_ceil": 0.15454228713207965,
        "XY4_ceil": 0.281284178192686,
        "BB1_ceil": 0.27490148836586126,
        "CONTOUR_ceil": 0.31333848521057794,
        "BASE_surv": 0.5785841472201873,
        "X_surv": 0.5813538266274977,
        "XY4_surv": 0.999878492303031,
        "BB1_surv": 0.9449407733081561,